Station,611.63 KB,612.77 KB,615.18 KB,615.22 KB,615.43 KB,616.39 KB,616.71 KB,617.42 KB,617.7 KB,617.71 KB,618.99 KB,619.01 KB,620.3 KB,620.31 KB,620.33 KB,621.18 KB,621.24 KB,621.25 KB,621.64 KB,621.8 KB,622.5 KB,623.08 KB,623.3 KB,623.35 KB,623.53 KB,623.6 KB,623.86 KB,623.9 KB,624.13 KB,624.34 KB,624.58 KB,624.69 KB,625.11 KB,625.56 KB,625.65 KB,634.08 KB,634.87 KB,635.78 KB,635.79 KB,636.1 KB,636.11 KB,649.47 KB,649.7 KB,652.05 KB,652.08 KB
Дневни извјештај за Бања Луку 20.11.2025. године,,,,,,,,,,,,,,,,,12.0,,,,,,,,,,,,,,,,,,,,,,,,,,,,
Дневни извјештај за Бања Луку 21.11.2025. године,,,,,,,,,,,,,,,,,,,,,,,,,12.0,,,,,,,,,,,,,,,,,,,,
Дневни извјештај за Бања Луку 22.11.2025. године,,,,,,,,,,,,,,,,,,12.0,,,,,,,,,,,,,,,,,,,,,,,,,,,
Дневни извјештај за Бања Луку 23.11.2025. године,,,,,,,,,,,,,,,,,,,,,,,,13.0,,,,,,,,,,,,,,,,,,,,,
Дневни извјештај за Бања Луку 24.11.2025. године,,,,,,,,,,,,,,,,,,,,,,,,,,,,,,,,,,,28.0,,,,,,,,,,
Дневни извјештај за Бања Луку 25.11.2025. године,,,,,,,,,,,,,,,,,,,,,,,,,,,,,,,,,21.0,,,,,,,,,,,,
Дневни извјештај за Брод 20.11.2025. године,,,,,,,,,,,,,,,,,,,,,,,,,,,,,,,,,,,,,,,,12.0,,,,,
Дневни извјештај за Брод 21.11.2025. године,,,,,,,,,,,,,,,,,,,,,,,,,,,,,,,,,,,,,13.0,,,,,,,,
Дневни извјештај за Брод 22.11.2025. године,,,,,,,,,,,,,,,,,,,,,,,,,,,,,,,,,,,,10.0,,,,,,,,,
Дневни извјештај за Брод 23.11.2025. године,,,,,,,,,,,,,,,,,,,,,,,,,,,,,,,,,,,,,,,,,28.0,,,,
Дневни извјештај за Брод 24.11.2025. године,,,,,,,,,,,,,,,,,,,,,,,,,,,,,,,,,,,,,,,30.0,,,,,,
Дневни извјештај за Брод 25.11.2025. године,,,,,,,,,,,,,,,,,,,,,,,,,,,,,,,,,,,,,,22.0,,,,,,,
Дневни извјештај за Гацко 20.11.2025. године,,,,,,,,,,,25.0,,,,,,,,,,,,,,,,,,,,,,,,,,,,,,,,,,
Дневни извјештај за Гацко 21.11.2025. године,,,,,,23.0,,,,,,,,,,,,,,,,,,,,,,,,,,,,,,,,,,,,,,,
Дневни извјештај за Гацко 22.11.2025. године,,,,,,,,24.0,,,,,,,,,,,,,,,,,,,,,,,,,,,,,,,,,,,,,
Дневни извјештај за Гацко 23.11.2025. године,,,,,,,,,11.0,,,,,,,,,,,,,,,,,,,,,,,,,,,,,,,,,,,,
Дневни извјештај за Гацко 24.11.2025. године,,,,,,,,,,,,28.0,,,,,,,,,,,,,,,,,,,,,,,,,,,,,,,,,
Дневни извјештај за Гацко 25.11.2025. године,,,,,,,,,,21.0,,,,,,,,,,,,,,,,,,,,,,,,,,,,,,,,,,,
Дневни извјештај за Добој 20.11.2025. године,,,,,,,,,,,,,,,,,,,,,,26.0,,,,,,,,,,,,,,,,,,,,,,,
Дневни извјештај за Добој 21.11.2025. године,,,,,,,,,,,,,,,14.0,,,,,,,,,,,,,,,,,,,,,,,,,,,,,,
Дневни извјештај за Добој 22.11.2025. године,,,,,,,,,,,,,10.0,,,,,,,,,,,,,,,,,,,,,,,,,,,,,,,,
Дневни извјештај за Добој 23.11.2025. године,,,,,,,,,,,,,,,,,,,,,,,,,,,,12.0,,,,,,,,,,,,,,,,,
Дневни извјештај за Добој 24.11.2025. године,,,,,,,,,,,,,,,,,,,,,7.0,,,,,,,,,,,,,,,,,,,,,,,,
Дневни извјештај за Добој 25.11.2025. године,,,,,,,,,,,,,,,,,,,,,,,,,,,,,,,,,,3.0,,,,,,,,,,,
Дневни извјештај за Зворник 20.11.2025. годинe,,,,,,,,,,,,,,,,,,,,,,,,,,,,,,31.0,,,,,,,,,,,,,,,
Дневни извјештај за Зворник 21.11.2025. годинe,,,,,,,,,,,,,,,,,,,35.0,,,,,,,,,,,,,,,,,,,,,,,,,,
Дневни извјештај за Зворник 22.11.2025. годинe,,,,,,,,,,,,,,,,,,,,,,,,,,,,,32.0,,,,,,,,,,,,,,,,
Дневни извјештај за Зворник 23.11.2025. годинe,,,,,,,,,,,,,,,,,,,,32.0,,,,,,,,,,,,,,,,,,,,,,,,,
Дневни извјештај за Зворник 25.11.2025. годинe,,,,,,,,,,,,,,,,,,,,,,,3.0,,,,,,,,,,,,,,,,,,,,,,
Дневни извјештај за Приједор 20.11.2025. године,,,,,,,,,,,,,,,,,,,,,,,,,,,,,,,,,,,,,,,,,,,11.0,,
Дневни извјештај за Приједор 21.11.2025. године,,,,,,,,,,,,,,,,,,,,,,,,,,,,,,,,,,,,,,,,,,15.0,,,
Дневни извјештај за Приједор 22.11.2025. године,,,,,,,,,,,,,,,,,,,,,,,,,,,,,,,,,,,,,,,,,,,,13.0,
Дневни извјештај за Приједор 23.11.2025. године,,,,,,,,,,,,,,,,,,,,,,,,,,,,,,,,,,,,,,,,,,,,,16.0
Дневни извјештај за Требиње 20.11.2025. године,,,,,,,,,,,,,,,,,,,,,,,,,,,,,,,14.0,,,,,,,,,,,,,,
Дневни извјештај за Требиње 21.11.2025. године,,,,,,,,,,,,,,,,15.0,,,,,,,,,,,,,,,,,,,,,,,,,,,,,
Дневни извјештај за Требиње 22.11.2025. године,,,,,,,,,,,,,,16.0,,,,,,,,,,,,,,,,,,,,,,,,,,,,,,,
Дневни извјештај за Требиње 23.11.2025. године,,,,,,,,,,,,,,,,,,,,,,,,,,,14.0,,,,,,,,,,,,,,,,,,
Дневни извјештај за Требиње 24.11.2025. године,,,,,,,,,,,,,,,,,,,,,,,,,,29.0,,,,,,,,,,,,,,,,,,,
Дневни извјештај за Требиње 25.11.2025. године,,,,,,,,,,,,,,,,,,,,,,,,,,,,,,,,22.0,,,,,,,,,,,,,
Дневни извјештај за Угљевик 20.11.2025. године,,,,14.0,,,,,,,,,,,,,,,,,,,,,,,,,,,,,,,,,,,,,,,,,
Дневни извјештај за Угљевик 21.11.2025. године,,11.0,,,,,,,,,,,,,,,,,,,,,,,,,,,,,,,,,,,,,,,,,,,
Дневни извјештај за Угљевик 22.11.2025. године,11.0,,,,,,,,,,,,,,,,,,,,,,,,,,,,,,,,,,,,,,,,,,,,
Дневни извјештај за Угљевик 23.11.2025. године,,,,,10.0,,,,,,,,,,,,,,,,,,,,,,,,,,,,,,,,,,,,,,,,
Дневни извјештај за Угљевик 24.11.2025. године,,,,,,,26.0,,,,,,,,,,,,,,,,,,,,,,,,,,,,,,,,,,,,,,
Дневни извјештај за Угљевик 25.11.2025. године,,,20.0,,,,,,,,,,,,,,,,,,,,,,,,,,,,,,,,,,,,,,,,,,
